genome,score,completeness,contamination,strain_heterogeneity,size,N50,cluster,taxonomy,tax_confidence,cluster_members,closest_cluster_member,furthest_cluster_member,completeness_metric,contamination_metric
TK1:bin_000153.fa,87.99499028191272,85.71,0.0,0.0,854990,24553,1_1,NA,NA,2,98.99,98.99,substantial,none
D300667:bin_000025.fa,84.06160720414921,82.96,0.17,0.0,1382661,5614,2_1,NA,NA,3,99.58,95.82,substantial,low
TI3:bin_000101.fa,77.01239588204669,90.11,3.56,75.0,1651645,7973,3_1,NA,NA,2,98.16,98.16,near,low
D300651:bin_000070.fa,70.21633422465861,68.4,0.0,0.0,1053493,2970,3_2,NA,NA,2,98.00,98.00,moderate,none
TK1:bin_000357.fa,53.23284010579914,52.4,0.0,0.0,1002255,2922,4_0,NA,NA,1,NA,NA,moderate,none
D300646:bin_000015.fa,95.39167104122537,96.52,0.63,0.0,2230054,7620,5_1,NA,NA,10,98.95,96.41,near,low
TI3:bin_000130.fa,67.05422767935846,77.49,2.57,16.67,1790259,6452,6_1,NA,NA,3,98.45,97.75,substantial,low
TK3:bin_000201.fa,69.78432634756561,74.62,1.28,50.0,1731887,4453,7_0,NA,NA,1,NA,NA,substantial,low
TK1:bin_000101.fa,86.77998786982612,94.16,2.15,50.0,2957738,26160,8_1,NA,NA,4,98.74,98.50,near,low
D300638:bin_000003.fa,87.33526950594074,99.22,3.22,61.54,1692714,19725,9_1,NA,NA,3,99.33,97.90,near,low
TI3:bin_000286.fa,47.83371857251269,56.79,2.28,66.67,911957,4439,10_0,NA,NA,1,NA,NA,moderate,low
D300648:bin_000008.fa,88.00050427965837,94.45,1.91,57.14,1608352,7746,11_1,NA,NA,16,96.93,95.43,near,low
TI1:bin_000212.fa,34.142195251607525,75.95,8.68,8.7,1210291,2979,12_0,NA,NA,1,NA,NA,substantial,medium
TK3:bin_000227.fa,81.30611859720962,84.85,1.14,0.0,1904621,13667,13_1,NA,NA,4,98.92,98.72,substantial,low
TK3:bin_000215.fa,84.69374464671091,88.64,1.33,50.0,1680747,8292,14_1,NA,NA,4,98.18,97.59,substantial,low
TI1:bin_000249.fa,-26.20503914993013,73.45,23.0,63.16,3213916,2731,15_0,NA,NA,1,NA,NA,substantial,very high
D300645:bin_000012.fa,72.02984973451187,81.85,2.48,25.0,2206469,5685,16_1,NA,NA,3,98.34,98.16,substantial,low
TK1:bin_000306.fa,45.16535434745276,73.19,7.12,94.12,1713660,3532,17_0,NA,NA,1,NA,NA,substantial,medium
TK1:bin_000150.fa,92.21791690440078,92.38,0.57,100.0,2080199,11721,18_1,NA,NA,8,99.27,97.74,near,low
TK3:bin_000203.fa,27.05285132815026,68.95,8.71,7.5,2620579,6298,19_0,NA,NA,1,NA,NA,moderate,medium
TK1:bin_000058.fa,92.65212227367068,98.54,1.68,16.67,1932648,19176,20_1,NA,NA,20,99.48,98.31,near,low
D300670:bin_000020.fa,58.081570158309965,61.13,1.11,66.67,1553680,2540,21_1,NA,NA,31,96.85,94.18,moderate,low
TK3:bin_000122.fa,56.69569536290853,96.19,8.83,28.57,2032908,12550,22_1,NA,NA,3,98.68,98.05,near,medium
D300641:bin_000001.fa,95.65720405350446,99.66,1.27,0.0,2752205,33094,23_1,NA,NA,46,99.69,98.14,near,low
TK1:bin_000263.fa,65.90633367892421,76.21,2.31,12.5,1776494,5190,24_0,NA,NA,1,NA,NA,substantial,low
TI3:bin_000228.fa,27.719404424743185,54.86,6.82,76.19,951321,2556,25_1,NA,NA,2,95.95,95.95,moderate,medium
D300642:bin_000002.fa,96.48502107649688,100.0,1.39,87.5,2277437,17940,26_1,NA,NA,22,99.55,98.43,perfect,low
D300655:bin_000016.fa,66.27859448382287,68.73,0.9,25.0,1359993,3256,27_1,NA,NA,8,97.48,96.07,moderate,low
TK1:bin_000342.fa,50.51576808765002,58.17,1.75,0.0,1584290,9807,28_0,NA,NA,1,NA,NA,moderate,low
TI3:bin_000082.fa,71.15992363924708,90.05,4.82,66.67,2303483,6893,29_1,NA,NA,5,97.97,97.52,near,low
TK3:bin_000159.fa,69.53651940822935,78.9,2.24,0.0,1893411,3513,30_1,NA,NA,4,96.43,96.30,substantial,low
TI1:bin_000215.fa,26.517796383579928,61.34,7.57,15.79,1561601,3309,31_1,NA,NA,2,97.26,97.26,moderate,medium
TI3:bin_000071.fa,90.68310909078278,98.36,2.01,0.0,2107808,36142,32_1,NA,NA,3,99.43,99.39,near,low
TK3:bin_000116.fa,80.55636012783296,91.66,2.73,54.55,2343200,8209,33_0,NA,NA,1,NA,NA,near,low
TK1:bin_000134.fa,96.52254358312152,94.61,0.06,0.0,1426344,17690,34_1,NA,NA,4,98.91,98.79,near,low
D300645:bin_000014.fa,63.97749384885013,70.24,1.79,50.0,1068353,2965,35_1,NA,NA,3,97.36,93.93,substantial,low
TI3:bin_000279.fa,11.65319649449296,71.29,12.9,31.25,1784038,2910,36_0,NA,NA,1,NA,NA,substantial,high
TK1:bin_000240.fa,64.38458390120604,77.86,3.18,14.29,1715672,5981,37_1,NA,NA,2,98.18,98.18,substantial,low
TI1:bin_000258.fa,3.219280776318779,65.67,13.79,40.0,2424800,5842,38_0,NA,NA,1,NA,NA,moderate,high
D300657:bin_000023.fa,82.00475987860473,88.72,1.85,20.0,2258685,14028,39_1,NA,NA,2,99.13,99.13,substantial,low
TK3:bin_000277.fa,52.40983783970772,71.03,5.17,100.0,2177058,8792,40_1,NA,NA,2,98.78,98.78,substantial,medium
TK1:bin_000326.fa,64.16761684665508,77.92,3.49,77.78,2142417,5837,41_0,NA,NA,1,NA,NA,substantial,low
D300652:bin_000001.fa,88.151618839945,99.11,2.68,0.0,3008949,59023,42_1,NA,NA,6,96.73,93.43,near,low
D300648:bin_000006.fa,89.56723703898348,97.3,2.03,10.0,2428064,19212,43_1,NA,NA,5,99.00,95.12,near,low
TI1:bin_000222.fa,41.82899503465573,76.95,8.67,82.35,2208849,9517,44_0,NA,NA,1,NA,NA,substantial,medium
D300659:bin_000054.fa,62.85264084249781,75.68,3.08,50.0,1751425,7333,45_0,NA,NA,1,NA,NA,substantial,low
TI1:bin_000221.fa,33.56835453142861,66.16,7.76,66.67,1859201,7405,46_0,NA,NA,1,NA,NA,moderate,medium
TK1:bin_000179.fa,76.37659194133839,91.08,3.49,16.67,1854912,14329,47_1,NA,NA,2,98.67,98.67,near,low
TK1:bin_000330.fa,64.87591465535604,72.28,2.01,33.33,1574731,6195,48_1,NA,NA,2,98.00,98.00,substantial,low
TK1:bin_000284.fa,78.00046494081074,83.78,1.93,90.0,1870181,12293,49_1,NA,NA,2,98.86,98.86,substantial,low
D300668:bin_000032.fa,50.75559040469063,72.73,5.03,44.44,1443078,4792,50_0,NA,NA,1,NA,NA,substantial,medium
TI3:bin_000190.fa,76.14348978595163,79.26,1.02,0.0,1831755,6198,51_1,NA,NA,2,98.74,98.74,substantial,low
D300668:bin_000018.fa,66.07190121306466,75.93,2.57,44.44,1827443,4194,52_1,NA,NA,2,93.85,93.85,substantial,low
TI3:bin_000246.fa,58.01835596126893,74.04,4.26,77.78,1678694,5952,53_1,NA,NA,3,97.81,97.71,substantial,low
TI1:bin_000211.fa,60.1960999648978,73.38,3.57,100.0,2300237,9822,53_2,NA,NA,1,NA,NA,substantial,low
TI1:bin_000246.fa,4.137380855672494,73.79,15.14,34.29,2155641,3249,54_0,NA,NA,1,NA,NA,substantial,very high
TI1:bin_000168.fa,72.53245927122066,74.96,0.68,0.0,1796164,5558,55_0,NA,NA,1,NA,NA,substantial,low
TK1:bin_000133.fa,88.37652294136393,86.58,0.06,100.0,1892066,7942,56_1,NA,NA,2,98.66,98.66,substantial,low
D300638:bin_000027.fa,32.10293089341459,73.59,9.6,59.09,1775765,3024,57_0,NA,NA,1,NA,NA,substantial,medium
D300661:bin_000051.fa,-19.98550062985405,74.74,20.42,32.26,2230620,2366,58_0,NA,NA,1,NA,NA,substantial,very high
TI1:bin_000244.fa,53.55958579872591,77.26,6.18,83.33,1832774,8677,59_1,NA,NA,2,98.06,98.06,substantial,medium
TI1:bin_000217.fa,55.717656748373386,82.4,6.38,64.71,1856255,9513,60_0,NA,NA,1,NA,NA,substantial,medium
TI1:bin_000101.fa,85.37007476150248,86.66,0.68,0.0,1861364,11262,61_1,NA,NA,3,98.47,98.38,substantial,low
TI3:bin_000288.fa,7.656056272738148,64.55,12.23,27.27,1314340,4384,62_0,NA,NA,1,NA,NA,moderate,high
TI3:bin_000083.fa,94.83160736179852,92.7,0.0,0.0,1492222,12381,63_1,NA,NA,3,98.57,98.48,near,none
TI3:bin_000221.fa,64.51406010440877,72.81,2.25,50.0,1033218,3152,64_1,NA,NA,2,97.98,97.98,substantial,low
D300670:bin_000001.fa,86.28897061208389,94.61,2.17,20.0,1916386,10467,65_1,NA,NA,3,99.42,97.59,near,low
TI3:bin_000133.fa,72.4266335073277,83.65,2.68,9.09,1599711,5131,66_1,NA,NA,3,98.24,97.35,substantial,low
TI1:bin_000076.fa,75.54576664609235,82.06,1.83,40.0,1573779,4290,67_1,NA,NA,2,98.75,98.75,substantial,low
TI3:bin_000193.fa,58.44165064583185,76.49,4.36,66.67,1690857,3088,68_0,NA,NA,1,NA,NA,substantial,low
TK1:bin_000195.fa,75.57942344912368,82.62,2.3,100.0,1963740,13737,69_1,NA,NA,3,99.09,99.01,substantial,low
D300646:bin_000022.fa,55.127179377756384,74.04,4.44,33.33,1705731,3011,69_2,NA,NA,5,97.62,96.34,substantial,low
TI3:bin_000039.fa,98.24448564420064,96.82,0.16,0.0,1669173,18860,70_1,NA,NA,6,98.99,97.95,near,low
TK1:bin_000156.fa,78.00173507157575,85.58,2.41,100.0,1004172,9207,71_1,NA,NA,2,97.97,97.97,substantial,low
D300651:bin_000010.fa,97.46843915073848,95.37,0.0,0.0,1811666,10702,72_1,NA,NA,32,98.93,97.05,near,none
TK3:bin_000236.fa,69.48144066954208,81.05,2.83,20.0,1375272,7350,73_1,NA,NA,2,98.23,98.23,substantial,low
TK1:bin_000159.fa,56.88329713541449,80.11,5.18,11.11,1127910,10396,74_1,NA,NA,2,98.94,98.94,substantial,medium
D300629:bin_000002.fa,91.93302934671208,94.62,1.08,0.0,1754598,172225,75_1,NA,NA,5,99.96,98.99,near,low
D300632:bin_000002.fa,97.99063592626705,95.6,0.0,0.0,1606377,38274,76_1,NA,NA,2,99.92,99.92,near,none
TI3:bin_000153.fa,53.66221808632266,84.12,7.05,37.5,1876072,13283,77_1,NA,NA,2,98.68,98.68,substantial,medium
TK3:bin_000035.fa,90.05276807720892,95.7,1.68,33.33,1531891,16320,78_1,NA,NA,3,98.88,98.41,near,low
TI3:bin_000234.fa,9.50123588930826,76.55,13.91,11.76,1467269,3395,79_0,NA,NA,1,NA,NA,substantial,high
TK3:bin_000028.fa,82.73407607291193,94.62,3.23,66.67,1551094,11082,80_1,NA,NA,2,98.83,98.83,near,low
TI1:bin_000026.fa,90.68676572390316,94.62,1.43,50.0,1740494,66373,81_1,NA,NA,3,99.91,98.24,near,low
TK1:bin_000041.fa,95.26064035056052,92.84,0.0,0.0,1507438,45383,82_1,NA,NA,5,99.65,99.01,near,none
TK1:bin_000112.fa,84.88823442273466,89.29,1.43,50.0,1409567,7877,83_1,NA,NA,2,98.51,98.51,substantial,low
D300642:bin_000010.fa,72.01387968100583,90.23,4.5,50.0,1506301,7658,84_1,NA,NA,2,99.18,99.18,near,low
TK3:bin_000151.fa,68.72021433644994,91.97,5.43,32.14,1623996,13584,85_1,NA,NA,3,99.51,98.19,near,medium
D300650:bin_000038.fa,70.40415506909308,75.82,1.61,50.0,1016259,3317,86_1,NA,NA,4,98.84,93.54,substantial,low
TK1:bin_000059.fa,78.11228383340973,80.95,1.02,0.0,1733494,22753,87_1,NA,NA,3,98.47,98.28,substantial,low
D300656:bin_000001.fa,95.6294353299662,93.33,0.0,0.0,2117785,26116,88_1,NA,NA,5,99.73,98.16,near,none
TK1:bin_000275.fa,45.50157038305188,88.0,9.4,25.81,3720116,9191,89_1,NA,NA,2,99.37,99.37,substantial,medium
TK1:bin_000297.fa,-0.830398738834449,65.41,14.91,50.0,2653365,3230,90_0,NA,NA,1,NA,NA,moderate,high
TI1:bin_000114.fa,55.511336540379546,55.13,0.14,33.33,1996867,7402,91_0,NA,NA,1,NA,NA,moderate,low
TK3:bin_000218.fa,53.31780938853662,66.98,3.12,33.33,2915250,3943,92_0,NA,NA,1,NA,NA,moderate,low
TK1:bin_000257.fa,51.37540851693865,79.61,6.25,15.79,2078358,7810,93_1,NA,NA,2,98.22,98.22,substantial,medium
TK1:bin_000287.fa,28.83038328992571,86.94,13.33,56.82,2710118,5402,94_0,NA,NA,1,NA,NA,substantial,high
TK1:bin_000352.fa,15.350626052133178,62.56,9.86,13.04,1671697,2569,95_0,NA,NA,1,NA,NA,moderate,medium
TI3:bin_000207.fa,50.20444086054559,82.13,7.05,18.18,2174024,8391,96_1,NA,NA,2,98.08,98.08,substantial,medium
TK3:bin_000134.fa,74.30481136789798,93.09,4.47,55.56,2806153,9174,97_0,NA,NA,1,NA,NA,near,low
TK1:bin_000196.fa,75.76480631208375,85.96,2.82,66.67,2387191,7695,98_1,NA,NA,2,98.16,98.16,substantial,low
TI3:bin_000165.fa,84.64316301443121,90.42,1.85,71.43,2307226,13199,99_1,NA,NA,3,99.27,99.02,near,low
TI1:bin_000256.fa,-16.25525315149535,71.03,18.1,12.5,2737136,5064,100_0,NA,NA,1,NA,NA,substantial,very high
TI3:bin_000031.fa,96.99770249328704,94.73,0.0,0.0,2062788,22553,101_1,NA,NA,4,99.42,98.74,near,none
TI1:bin_000180.fa,68.26232285207374,82.81,3.68,50.0,2376854,7204,102_1,NA,NA,4,98.55,98.21,substantial,low
TK1:bin_000281.fa,51.72065340002561,75.92,5.53,28.0,2271081,4315,103_1,NA,NA,2,98.48,98.48,substantial,medium
TI3:bin_000118.fa,81.2448151989836,86.02,1.53,50.0,2377092,11044,104_1,NA,NA,3,99.07,98.58,substantial,low
TK3:bin_000196.fa,64.90422972853068,92.16,6.12,20.0,3328935,11321,105_1,NA,NA,4,99.36,99.29,near,medium
TK1:bin_000047.fa,90.39210402091894,97.36,1.88,11.76,3063473,17628,106_1,NA,NA,3,98.88,98.71,near,low
TK1:bin_000351.fa,48.72742621718603,56.6,1.75,0.0,1726762,3588,107_0,NA,NA,1,NA,NA,moderate,low
TK3:bin_000226.fa,72.23476424640737,79.71,2.04,40.0,2656436,4406,108_1,NA,NA,3,99.09,98.26,substantial,low
TK3:bin_000020.fa,95.33295608955454,97.09,1.01,100.0,3449478,24559,109_1,NA,NA,5,99.62,97.03,near,low
TI3:bin_000225.fa,71.02729133492745,78.39,2.01,33.33,2297303,7367,110_1,NA,NA,2,98.37,98.37,substantial,low
TK3:bin_000223.fa,-2.3724800481590407,83.24,18.17,18.6,3360691,3728,111_1,NA,NA,2,97.22,97.22,substantial,very high
TI1:bin_000069.fa,84.38198001216368,88.07,1.24,37.5,1719243,8273,112_1,NA,NA,3,99.15,98.48,substantial,low
TI3:bin_000195.fa,75.78533266327632,80.02,1.22,0.0,1361058,3794,113_1,NA,NA,2,97.58,97.58,substantial,low
TK3:bin_000012.fa,98.754958856663,98.32,0.4,0.0,2850766,47166,114_1,NA,NA,4,99.84,99.79,near,low
TK1:bin_000139.fa,74.24281464811473,88.79,3.94,80.0,2196607,7295,115_1,NA,NA,2,96.93,96.93,substantial,low
TK1:bin_000149.fa,77.41063236710902,95.5,4.38,38.46,2371251,12273,116_1,NA,NA,2,98.16,98.16,near,low
TK1:bin_000065.fa,90.28106292933678,94.51,1.37,25.0,2276939,23432,117_1,NA,NA,5,99.49,99.20,near,low
TK1:bin_000194.fa,56.83467214151134,87.83,7.25,57.89,2812941,8228,118_0,NA,NA,1,NA,NA,substantial,medium
TK1:bin_000358.fa,6.794400105696665,65.92,12.42,9.68,2311077,2753,119_1,NA,NA,2,95.22,95.22,moderate,high
TI3:bin_000038.fa,92.58049263065094,97.9,1.57,12.5,3036237,29567,120_1,NA,NA,2,99.88,99.88,near,low
TK1:bin_000348.fa,-39.48303359336074,67.22,21.72,5.0,2534161,2642,121_0,NA,NA,1,NA,NA,moderate,very high
TK3:bin_000253.fa,77.54524832989966,84.45,1.73,40.0,2156893,8063,122_0,NA,NA,1,NA,NA,substantial,low
TI3:bin_000022.fa,99.2016610975752,98.99,0.49,100.0,3651773,14486,123_1,NA,NA,8,99.51,97.91,near,low
TK3:bin_000197.fa,69.56086022891189,86.81,4.15,34.78,2214042,8568,124_1,NA,NA,3,99.21,99.00,substantial,low
TK3:bin_000043.fa,80.47059742390292,96.33,3.82,25.0,2505417,24381,125_1,NA,NA,4,99.47,98.91,near,low
D300650:bin_000024.fa,64.0568339048397,93.92,6.96,41.18,3134365,9458,126_1,NA,NA,5,99.43,97.19,near,medium
TK1:bin_000262.fa,46.73756520287402,83.06,9.06,88.89,3229277,4449,127_0,NA,NA,1,NA,NA,substantial,medium
TI3:bin_000091.fa,89.37474737559012,94.27,1.74,90.0,1640773,20514,128_1,NA,NA,6,98.89,97.66,near,low
TK1:bin_000322.fa,45.85685111086162,63.97,3.94,16.67,1416990,4572,129_0,NA,NA,1,NA,NA,moderate,low
TI1:bin_000066.fa,86.62502523924728,96.82,2.51,0.0,2279219,33242,130_1,NA,NA,4,99.60,99.29,near,low
TK3:bin_000046.fa,67.67325496964789,90.76,5.4,31.82,2620400,16384,131_1,NA,NA,3,98.82,98.73,near,medium
TK3:bin_000263.fa,37.56727589046695,79.94,9.21,29.63,2216558,4974,132_0,NA,NA,1,NA,NA,substantial,medium
TK1:bin_000228.fa,68.16010708338074,90.29,5.52,61.54,2184048,9643,133_1,NA,NA,4,98.79,97.50,near,medium
TI3:bin_000283.fa,-37.76892289148298,59.8,19.81,3.57,1982487,2227,133_2,NA,NA,1,NA,NA,moderate,very high
TI3:bin_000085.fa,76.0177285852697,94.07,4.4,40.91,3607189,12941,134_1,NA,NA,4,99.48,98.73,near,low
TK3:bin_000238.fa,31.473177124020783,67.71,7.65,14.29,2957343,4365,135_0,NA,NA,1,NA,NA,moderate,medium
TI1:bin_000038.fa,79.51487387468318,95.77,3.93,30.0,3428211,17416,136_1,NA,NA,4,99.61,99.50,near,low
TK1:bin_000074.fa,81.10905042676477,95.03,3.3,12.5,3062733,14147,137_1,NA,NA,5,99.27,98.83,near,low
TK3:bin_000054.fa,85.12409274901594,96.05,2.98,57.14,3540064,22617,138_1,NA,NA,5,99.61,99.08,near,low
TK1:bin_000272.fa,52.75088972883629,87.37,7.39,17.39,3520130,7790,139_0,NA,NA,1,NA,NA,substantial,medium
TK1:bin_000042.fa,88.06378323992328,98.7,2.85,46.15,3104293,25727,140_1,NA,NA,4,99.52,99.06,near,low
TK3:bin_000316.fa,-32.87267229250856,77.07,22.91,16.25,3119874,3706,141_0,NA,NA,1,NA,NA,substantial,very high
TK3:bin_000168.fa,86.48887234863687,89.64,1.06,0.0,2627644,12903,142_1,NA,NA,2,99.35,99.35,substantial,low
TI1:bin_000014.fa,79.97082087672992,97.76,4.11,9.09,2699998,38448,143_1,NA,NA,5,99.66,99.28,near,low
TK1:bin_000097.fa,96.05948334507111,97.0,0.67,0.0,2736666,43529,144_1,NA,NA,2,99.01,99.01,near,low
TK1:bin_000203.fa,51.91450076606861,81.37,7.62,89.47,2519158,3437,145_1,NA,NA,3,96.22,95.54,substantial,medium
D300636:bin_000007.fa,98.57088801637585,97.32,0.27,33.33,2507777,72378,146_1,NA,NA,23,99.86,94.12,near,low
TI1:bin_000057.fa,98.6659023210238,97.78,0.34,100.0,2555093,20435,147_1,NA,NA,3,99.17,98.98,near,low
D300646:bin_000008.fa,88.75093069637515,96.41,2.24,60.0,2339174,16327,148_1,NA,NA,3,99.60,98.49,near,low
TK3:bin_000021.fa,98.2191711225228,98.64,0.67,100.0,2195038,21552,149_1,NA,NA,4,99.30,99.13,near,low
D300661:bin_000004.fa,81.87295855743751,96.36,3.85,68.75,2713075,11653,150_1,NA,NA,20,98.85,97.26,near,low
D300657:bin_000039.fa,11.187097340411098,53.37,9.17,31.58,2004458,2200,150_2,NA,NA,1,NA,NA,moderate,medium
TI3:bin_000275.fa,-15.330338650298712,59.52,16.39,38.1,2221197,3237,151_0,NA,NA,1,NA,NA,moderate,very high
D300636:bin_000026.fa,60.11247368242165,85.89,5.97,33.33,2339013,9802,152_1,NA,NA,4,98.95,98.50,substantial,medium
TK3:bin_000301.fa,55.01416457137052,80.3,6.2,59.26,3010351,8013,153_1,NA,NA,2,98.81,98.81,substantial,medium
TK3:bin_000245.fa,60.317510518509536,79.86,4.93,60.0,2072956,13388,154_1,NA,NA,4,99.26,97.68,substantial,low
D300629:bin_000001.fa,78.8166281594352,98.19,4.39,0.0,3330575,112530,155_1,NA,NA,4,96.98,94.02,near,low
D300641:bin_000021.fa,41.14442317300505,55.55,3.23,29.63,1261020,2370,155_2,NA,NA,1,NA,NA,moderate,low
TI1:bin_000144.fa,60.24320423212581,90.3,6.74,37.5,2428453,10750,156_0,NA,NA,1,NA,NA,near,medium
TK1:bin_000211.fa,76.88657976147937,91.79,3.62,26.67,2178787,19255,157_1,NA,NA,2,98.89,98.89,near,low
TK3:bin_000019.fa,90.96673384135546,91.51,0.6,33.33,1862283,21658,158_1,NA,NA,19,99.24,97.90,near,low
TI1:bin_000102.fa,75.07589185079024,97.56,5.08,13.33,2800188,19807,159_1,NA,NA,3,99.20,98.86,near,medium
TI1:bin_000115.fa,87.83473302439168,94.45,1.93,42.86,2108925,17332,160_1,NA,NA,20,99.43,97.73,near,low
TK1:bin_000110.fa,83.44114208946635,93.04,2.62,50.0,2241166,15929,161_1,NA,NA,7,99.28,98.57,near,low
TI1:bin_000235.fa,49.679796270643685,79.34,7.49,76.47,1938258,9980,161_2,NA,NA,2,96.26,96.26,substantial,medium
TI1:bin_000254.fa,-21.905792157716416,68.64,21.42,72.64,2852776,6158,162_0,NA,NA,1,NA,NA,moderate,very high
TI3:bin_000094.fa,67.4823778504895,94.42,6.39,47.37,2996488,6608,163_1,NA,NA,7,98.34,95.11,near,medium
TK3:bin_000270.fa,42.35493714250236,66.0,5.6,62.5,2618424,3235,164_0,NA,NA,1,NA,NA,moderate,medium
TK1:bin_000111.fa,70.23809827714773,96.34,6.22,46.15,3022291,12475,165_1,NA,NA,3,98.86,97.05,near,medium
TI1:bin_000058.fa,63.51626675384048,89.8,6.11,36.36,2754288,8414,166_1,NA,NA,3,98.70,97.73,substantial,medium
D300671:bin_000006.fa,59.17057935912842,97.21,9.62,80.56,3810641,28368,167_1,NA,NA,3,98.81,98.05,near,medium
TK1:bin_000009.fa,90.76738888200772,97.27,1.82,0.0,2662880,99017,168_1,NA,NA,2,99.95,99.95,near,low
TK3:bin_000243.fa,49.6771175046499,82.02,6.97,7.89,2651766,5728,169_1,NA,NA,2,97.82,97.82,substantial,medium
TK1:bin_000167.fa,24.65961450233849,91.53,14.09,18.0,2707383,7706,170_0,NA,NA,1,NA,NA,near,high
TK3:bin_000063.fa,67.29947181685608,94.27,6.67,64.29,3043236,10230,171_1,NA,NA,3,99.01,98.27,near,medium
TI1:bin_000187.fa,62.91173673974918,78.1,3.42,29.41,2156726,4091,172_0,NA,NA,1,NA,NA,substantial,low
TK3:bin_000075.fa,60.71764752734687,95.91,7.91,40.0,2855532,15392,173_0,NA,NA,1,NA,NA,near,medium
TK1:bin_000180.fa,79.0440374896732,88.27,2.22,33.33,2189851,11701,174_0,NA,NA,1,NA,NA,substantial,low
TK3:bin_000062.fa,86.43096549660238,95.36,2.33,25.0,2846165,12458,175_1,NA,NA,4,99.23,98.83,near,low
D300651:bin_000033.fa,64.72463417005703,87.22,5.34,39.13,1799425,10980,176_1,NA,NA,2,99.48,99.48,substantial,medium
TI1:bin_000128.fa,87.37908868092397,95.05,2.13,33.33,2653654,22243,177_1,NA,NA,4,99.59,99.52,near,low
TK1:bin_000070.fa,96.13352119499145,95.7,0.48,100.0,2308283,33326,178_1,NA,NA,6,99.35,99.04,near,low
TI1:bin_000226.fa,55.4144893729542,62.2,1.75,0.0,2030355,5723,179_1,NA,NA,3,98.76,98.37,moderate,low
TK3:bin_000138.fa,92.40573065203166,92.93,0.6,33.33,2191731,23524,180_1,NA,NA,16,99.38,98.06,near,low
TK1:bin_000127.fa,85.92500597300446,93.89,2.14,28.57,2917826,11858,181_1,NA,NA,5,99.12,98.28,near,low
D300650:bin_000005.fa,88.6825982834204,99.03,2.72,36.36,3230302,23075,182_1,NA,NA,15,98.95,97.12,near,low
D300627:bin_000012.fa,46.43166623414134,94.59,10.62,25.64,4624367,21879,183_1,NA,NA,3,95.02,94.72,near,high
D300667:bin_000017.fa,57.65212446578751,98.02,8.98,25.0,3965082,29635,183_2,NA,NA,2,95.12,95.12,near,medium
TK1:bin_000090.fa,80.40864886922968,96.74,3.9,20.0,2953297,38705,184_1,NA,NA,4,99.71,99.04,near,low
TI1:bin_000054.fa,90.92045288761749,94.04,1.21,62.5,2559854,14599,185_1,NA,NA,4,99.32,99.11,near,low
TK3:bin_000060.fa,72.34555063044485,91.87,4.92,59.09,2734296,14327,186_1,NA,NA,5,99.37,98.38,near,low
TK3:bin_000058.fa,88.47113046120062,96.31,2.03,0.0,2505468,26985,187_1,NA,NA,5,99.66,99.36,near,low
TK1:bin_000235.fa,79.37663565546828,77.19,0.0,0.0,1873946,15806,188_1,NA,NA,4,98.82,98.60,substantial,none
TI1:bin_000216.fa,62.62018715866288,81.7,4.2,23.08,1872677,5031,189_0,NA,NA,1,NA,NA,substantial,low
TK1:bin_000119.fa,86.80154058301974,93.17,1.91,62.5,2176655,6501,190_1,NA,NA,3,98.15,98.11,near,low
TK3:bin_000150.fa,68.3055936535628,84.22,3.7,42.86,2546195,6303,191_0,NA,NA,1,NA,NA,substantial,low
TK1:bin_000116.fa,81.17962709952832,95.81,3.77,53.33,3119954,19458,192_1,NA,NA,2,96.45,96.45,near,low
TK3:bin_000128.fa,65.16690240446538,92.09,5.97,29.17,2204134,14822,193_0,NA,NA,1,NA,NA,near,medium
TK1:bin_000255.fa,52.135479039684,77.13,5.73,46.15,2471790,6640,194_0,NA,NA,1,NA,NA,substantial,medium
TK1:bin_000025.fa,94.52140827477751,99.31,1.44,0.0,3833248,42677,195_1,NA,NA,4,99.79,99.38,near,low
TI1:bin_000232.fa,58.9042742756202,61.05,0.63,0.0,1731082,6435,196_0,NA,NA,1,NA,NA,moderate,low
TI3:bin_000007.fa,94.08100786239356,94.63,0.67,100.0,1781574,12226,197_1,NA,NA,4,98.81,98.65,near,low
TK1:bin_000096.fa,77.94957380304159,87.47,2.73,71.43,1540441,15056,198_1,NA,NA,2,99.07,99.07,substantial,low
TK1:bin_000053.fa,88.14501925474508,93.55,1.61,0.0,1669107,127719,199_1,NA,NA,5,99.53,98.61,near,low
TK1:bin_000012.fa,72.56007196614262,97.99,5.86,25.0,4023486,41552,200_1,NA,NA,2,99.58,99.58,near,medium
TK1:bin_000356.fa,41.661592217785135,50.38,2.01,25.0,2771775,2872,201_0,NA,NA,1,NA,NA,moderate,low
TK1:bin_000289.fa,64.43298153998626,67.31,1.01,33.33,1318942,3258,202_1,NA,NA,2,97.99,97.99,moderate,low
D300651:bin_000003.fa,98.86801793985542,97.32,0.22,100.0,1991275,53902,203_1,NA,NA,3,97.68,94.76,near,low
D300651:bin_000073.fa,55.14933259595786,61.26,1.59,0.0,1706022,3163,204_1,NA,NA,2,98.93,98.93,moderate,low
TK1:bin_000202.fa,74.68918684005322,81.08,1.72,0.0,2262834,17736,205_1,NA,NA,2,98.48,98.48,substantial,low
TK3:bin_000013.fa,85.46424555965015,97.99,3.16,36.36,3668625,12549,206_1,NA,NA,3,98.19,97.00,near,low
TK1:bin_000100.fa,75.99999266935738,98.23,5.26,36.36,3028985,13951,207_1,NA,NA,2,98.52,98.52,near,medium
D300650:bin_000041.fa,55.83893638048029,64.01,2.22,50.0,1686190,3064,208_1,NA,NA,2,97.58,97.58,moderate,low
TK3:bin_000048.fa,85.63063483317946,87.26,0.86,66.67,1469310,10378,209_1,NA,NA,2,98.92,98.92,substantial,low
D300657:bin_000016.fa,74.43950903655144,77.11,0.93,9.09,2318345,4021,210_1,NA,NA,2,99.28,99.28,substantial,low
TK1:bin_000208.fa,58.17321993094516,70.6,3.03,62.5,1621127,2877,211_0,NA,NA,1,NA,NA,substantial,low
TI3:bin_000100.fa,38.76031226952905,87.79,11.4,53.57,2327041,4035,212_1,NA,NA,3,96.92,95.16,substantial,high
TI3:bin_000106.fa,59.0237703188558,88.28,6.26,18.18,2805858,4087,213_0,NA,NA,1,NA,NA,substantial,medium
TK1:bin_000115.fa,87.77183925188064,94.27,1.79,66.67,2595463,20744,214_0,NA,NA,1,NA,NA,near,low
TK1:bin_000004.fa,98.820153595663,96.98,0.13,100.0,2031197,35411,215_1,NA,NA,5,99.42,97.35,near,low
D300651:bin_000004.fa,91.34029878183078,98.66,2.1,44.44,1878636,21871,216_1,NA,NA,14,99.03,96.73,near,low
D300638:bin_000001.fa,95.05253046399592,97.99,1.24,71.43,2132874,43168,217_1,NA,NA,7,96.30,95.40,near,low
TK3:bin_000206.fa,78.34235351484071,83.66,1.48,80.0,1827073,3951,218_0,NA,NA,1,NA,NA,substantial,low
TK3:bin_000189.fa,64.25698051261539,82.13,4.28,61.54,1433231,3856,219_0,NA,NA,1,NA,NA,substantial,low
TI3:bin_000127.fa,27.351383520710524,83.14,11.95,16.67,1896133,5831,220_1,NA,NA,2,98.64,98.64,substantial,high
TI3:bin_000058.fa,60.72098841916324,89.13,7.25,82.35,1649553,4094,221_1,NA,NA,3,96.97,95.94,substantial,medium
TK1:bin_000046.fa,91.9351451708338,95.3,0.97,33.33,1608872,13295,222_0,NA,NA,1,NA,NA,near,low
TI3:bin_000014.fa,95.47151609767364,95.97,0.67,100.0,1802263,15282,223_1,NA,NA,3,98.99,98.89,near,low
TK1:bin_000269.fa,70.21039794942355,72.54,0.67,0.0,1745034,6931,224_0,NA,NA,1,NA,NA,substantial,low
TK1:bin_000104.fa,76.97629128009162,86.96,2.8,75.0,1954888,4697,225_1,NA,NA,2,98.04,98.04,substantial,low
TK3:bin_000115.fa,87.55215519843544,91.3,1.35,80.0,1549548,5282,226_1,NA,NA,5,97.42,93.61,near,low
TI3:bin_000089.fa,85.4460239361416,97.55,3.24,57.14,2590454,20444,227_1,NA,NA,8,99.63,97.94,near,low
TK3:bin_000219.fa,42.297334340769,83.31,10.19,78.95,2218423,4201,228_1,NA,NA,2,98.07,98.07,substantial,high
TI1:bin_000259.fa,51.18163149372935,60.26,1.98,0.0,2000166,2775,229_0,NA,NA,1,NA,NA,moderate,low
TI3:bin_000128.fa,77.16983651588332,85.76,2.16,60.0,1784116,4243,230_0,NA,NA,1,NA,NA,substantial,low
TK3:bin_000208.fa,49.31441419843544,59.54,2.56,25.0,972272,5282,231_1,NA,NA,3,97.95,96.66,moderate,low
D300659:bin_000036.fa,55.298207141452174,63.25,2.07,20.0,987115,6429,232_1,NA,NA,8,98.38,97.53,moderate,low
TI3:bin_000006.fa,101.80235012545675,99.45,0.0,0.0,1831443,32866,233_1,NA,NA,11,99.86,98.29,near,none
D300647:bin_000002.fa,99.09694721810811,99.22,0.58,66.67,1932157,39452,234_1,NA,NA,18,99.66,98.53,near,low
TK3:bin_000023.fa,96.80570707816008,97.13,0.65,100.0,1849951,23300,235_1,NA,NA,18,99.69,98.41,near,low
D300659:bin_000005.fa,98.87924312132922,98.13,0.37,100.0,2049590,18929,236_1,NA,NA,8,99.90,98.11,near,low
TI3:bin_000004.fa,97.62528396844824,98.94,0.78,25.0,1609835,39102,237_1,NA,NA,30,99.84,98.60,near,low
TK1:bin_000007.fa,79.64002802995822,90.77,2.67,0.0,2518835,18135,238_1,NA,NA,5,99.51,98.17,near,low
TK3:bin_000120.fa,70.11448987647435,70.7,0.55,0.0,796117,14381,239_1,NA,NA,4,99.21,97.89,substantial,low
TI3:bin_000045.fa,96.20557426159996,97.2,0.7,0.0,2199789,66870,240_1,NA,NA,6,99.61,98.67,near,low
D300653:bin_000012.fa,97.1508388562963,95.8,0.23,0.0,2534126,63954,241_1,NA,NA,2,99.79,99.79,near,low
D300639:bin_000014.fa,63.96308425531688,84.97,4.77,35.71,2309182,12007,242_0,NA,NA,1,NA,NA,substantial,low
TK3:bin_000225.fa,78.09555131270707,92.92,3.21,0.0,2434745,17828,243_0,NA,NA,1,NA,NA,near,low
D300651:bin_000022.fa,89.0816002274627,93.71,1.4,0.0,2516330,36566,244_1,NA,NA,5,99.69,98.47,near,low
D300648:bin_000011.fa,99.47246138820746,97.13,0.0,0.0,2675899,32959,245_1,NA,NA,17,98.97,97.65,near,none
D300657:bin_000007.fa,96.6171598385237,97.9,0.74,0.0,3053775,43781,246_1,NA,NA,8,99.81,99.40,near,low
D300651:bin_000066.fa,52.64821476930481,73.91,5.29,61.54,2796712,5994,247_1,NA,NA,11,96.47,92.08,substantial,medium
D300649:bin_000007.fa,96.03780963417564,97.2,0.7,0.0,2064216,31995,248_1,NA,NA,27,99.33,97.94,near,low
TK1:bin_000307.fa,69.69917635493464,68.8,0.0,0.0,1842285,3966,249_0,NA,NA,1,NA,NA,moderate,none
D300649:bin_000013.fa,86.71737528710042,90.5,1.22,33.33,1840551,4716,250_1,NA,NA,19,98.19,95.92,near,low
TI1:bin_000062.fa,98.04993934252036,96.85,0.28,100.0,2173226,28433,251_1,NA,NA,5,99.40,99.19,near,low
D300659:bin_000045.fa,82.23057401093975,85.69,1.11,0.0,2174501,9927,252_1,NA,NA,2,99.22,99.22,substantial,low
TK3:bin_000242.fa,20.776959596312,83.14,13.8,40.91,2100876,6064,253_0,NA,NA,1,NA,NA,substantial,high
TI1:bin_000005.fa,94.89395922424056,98.87,1.41,66.67,2386024,12323,254_1,NA,NA,4,99.18,98.48,near,low
D300656:bin_000002.fa,81.45563802519099,97.08,3.98,77.78,2251607,14454,255_0,NA,NA,1,NA,NA,near,low
D300659:bin_000013.fa,90.4586630300792,89.46,0.25,0.0,1755476,21287,256_1,NA,NA,6,99.12,97.51,substantial,low
TI1:bin_000257.fa,40.41075725934888,52.91,2.81,25.0,2038586,3137,257_0,NA,NA,1,NA,NA,moderate,low
TK3:bin_000157.fa,61.74465173009455,74.06,2.66,0.0,1500333,5879,258_0,NA,NA,1,NA,NA,substantial,low
TK1:bin_000055.fa,77.26511660605728,87.86,3.11,91.67,2124986,10937,259_1,NA,NA,3,98.97,97.97,substantial,low
D300659:bin_000001.fa,83.87538459867329,88.89,1.57,33.33,2130588,27018,260_1,NA,NA,2,99.63,99.63,substantial,low
D300651:bin_000001.fa,84.39201497730039,88.46,1.28,0.0,1995331,29755,261_1,NA,NA,2,99.52,99.52,substantial,low
TK3:bin_000097.fa,82.86763222351463,84.69,0.93,50.0,1879255,34689,262_1,NA,NA,4,99.59,99.04,substantial,low
TI1:bin_000020.fa,74.49881820950307,87.18,2.99,0.0,1712318,22762,263_1,NA,NA,2,99.02,99.02,substantial,low
TK1:bin_000113.fa,46.649842573551,86.65,8.97,40.0,1989385,21071,264_0,NA,NA,1,NA,NA,substantial,medium
TK3:bin_000304.fa,44.813237951840975,58.13,2.99,25.0,1793818,3728,265_0,NA,NA,1,NA,NA,moderate,low
TK1:bin_000151.fa,76.30136957200928,80.29,1.31,33.33,1612944,11773,266_1,NA,NA,2,98.93,98.93,substantial,low
TI1:bin_000141.fa,31.69115231763243,71.36,9.4,66.67,1422290,8479,267_0,NA,NA,1,NA,NA,substantial,medium
TK1:bin_000256.fa,1.2971598404295075,68.73,14.25,20.0,1657668,5424,268_0,NA,NA,1,NA,NA,moderate,high
TI1:bin_000098.fa,63.73485322467764,78.6,3.85,83.33,1690303,14233,269_0,NA,NA,1,NA,NA,substantial,low
TI1:bin_000156.fa,73.39822919385608,77.3,1.12,50.0,1523435,11925,270_0,NA,NA,1,NA,NA,substantial,low
TK1:bin_000158.fa,63.132083085743,77.81,3.85,66.67,1714276,6878,271_1,NA,NA,2,98.66,98.66,substantial,low
D300658:bin_000004.fa,78.24191077943733,86.67,2.4,50.0,1830919,35891,272_1,NA,NA,3,99.69,99.19,substantial,low
TI1:bin_000074.fa,83.4890983496895,89.57,1.46,0.0,1728384,17306,273_0,NA,NA,1,NA,NA,substantial,low
TK3:bin_000026.fa,74.44286948875212,88.53,3.42,50.0,1897312,25453,274_0,NA,NA,1,NA,NA,substantial,low
TK1:bin_000026.fa,84.41933741407195,88.13,1.28,33.33,1721470,21939,275_1,NA,NA,2,99.21,99.21,substantial,low
TK1:bin_000283.fa,53.977263857535696,67.51,3.45,50.0,1484602,6822,276_1,NA,NA,2,97.53,97.53,moderate,low
TI1:bin_000079.fa,42.38598598554429,85.47,9.8,38.24,1799389,17896,277_1,NA,NA,2,94.21,94.21,substantial,medium
TK1:bin_000011.fa,74.07770787552701,88.89,3.42,0.0,2058714,24826,278_1,NA,NA,3,99.79,98.27,substantial,low
D300654:bin_000018.fa,4.900248138483553,74.22,14.35,10.0,2134510,6173,279_0,NA,NA,1,NA,NA,substantial,high
TI1:bin_000100.fa,49.795279365750005,83.24,8.3,71.43,2542621,12333,280_1,NA,NA,2,98.11,98.11,substantial,medium
TK3:bin_000123.fa,45.141381305084536,83.71,8.88,43.48,2467291,6399,281_1,NA,NA,5,96.91,96.44,substantial,medium
TK3:bin_000185.fa,42.8747598339828,82.86,8.4,0.0,3995123,7102,282_1,NA,NA,3,99.14,98.67,substantial,medium
TK3:bin_000191.fa,56.18425499465043,76.81,5.13,75.0,1633331,14240,283_0,NA,NA,1,NA,NA,substantial,medium
D300648:bin_000001.fa,82.15277438026088,88.41,1.71,0.0,2130830,25543,284_1,NA,NA,8,99.63,97.95,substantial,low
TK1:bin_000094.fa,74.04001265426477,85.76,3.21,66.67,1755115,15955,285_1,NA,NA,5,99.28,98.22,substantial,low
D300651:bin_000013.fa,70.38997823614137,84.44,3.46,33.33,2161338,10593,286_1,NA,NA,5,99.02,97.93,substantial,low
TK3:bin_000314.fa,-44.67383522741663,63.28,23.22,31.43,2099439,3135,287_0,NA,NA,1,NA,NA,moderate,very high
D300658:bin_000002.fa,71.41407061807617,86.39,3.73,42.86,2341076,11753,288_1,NA,NA,5,97.89,90.54,substantial,low
D300668:bin_000011.fa,70.0390849863648,83.87,3.18,0.0,2233269,9169,289_1,NA,NA,2,98.79,98.79,substantial,low
D300661:bin_000026.fa,55.9794985755062,80.19,5.77,47.37,1728384,5419,290_1,NA,NA,3,94.49,93.36,substantial,medium
TK1:bin_000301.fa,51.40387188582323,61.93,2.56,50.0,1514035,6134,291_0,NA,NA,1,NA,NA,moderate,low
D300638:bin_000029.fa,51.34231080498101,50.07,0.11,0.0,668428,2906,292_1,NA,NA,2,99.07,99.07,moderate,low
TI1:bin_000051.fa,97.76944162053351,95.6,0.0,0.0,1030935,14477,293_1,NA,NA,4,99.11,98.74,near,none
D300657:bin_000011.fa,91.84703636069082,90.11,0.06,100.0,1184144,5861,294_1,NA,NA,3,99.46,99.15,near,low
D300653:bin_000002.fa,90.5488871829514,89.73,0.36,0.0,1891244,113912,295_1,NA,NA,10,99.98,97.88,substantial,low
TK1:bin_000114.fa,83.49309432455567,91.57,2.25,33.33,1272213,45067,296_1,NA,NA,3,99.69,99.56,near,low
TI1:bin_000233.fa,44.197294130495344,54.53,2.41,33.33,714226,4247,297_0,NA,NA,1,NA,NA,moderate,low
TK3:bin_000315.fa,-36.148643050129984,66.48,21.07,8.77,2771562,3524,298_0,NA,NA,1,NA,NA,moderate,very high
TI1:bin_000245.fa,39.26590282481956,56.61,3.87,4.0,1845880,3325,299_1,NA,NA,2,99.02,99.02,moderate,low
TK1:bin_000142.fa,49.23522762957104,85.96,7.65,6.25,2502985,7838,300_0,NA,NA,1,NA,NA,substantial,medium
D300656:bin_000007.fa,78.39714215350432,76.76,0.11,0.0,542721,15064,301_1,NA,NA,2,99.82,99.82,substantial,low
D300651:bin_000027.fa,79.17851066536642,76.92,0.0,0.0,770246,21479,302_1,NA,NA,12,99.48,98.81,substantial,none
TI1:bin_000032.fa,83.84333110224077,89.2,1.63,50.0,1660228,6304,303_1,NA,NA,2,97.85,97.85,substantial,low
TK3:bin_000247.fa,-47.6801051534531,65.57,23.13,2.38,1801235,3747,304_1,NA,NA,2,96.26,96.26,moderate,very high
TK1:bin_000187.fa,44.69600114107644,77.12,7.05,9.52,2076167,13736,305_1,NA,NA,2,98.59,98.59,substantial,medium
TI1:bin_000150.fa,-19.751611585002983,77.08,19.88,7.41,1815153,9785,306_0,NA,NA,1,NA,NA,substantial,very high
TK3:bin_000045.fa,63.19855786818386,76.95,3.25,0.0,1506218,63187,307_1,NA,NA,2,99.82,99.82,substantial,low
TI1:bin_000205.fa,34.62814513383032,60.73,5.56,13.33,1287099,5176,308_0,NA,NA,1,NA,NA,moderate,medium
TI1:bin_000207.fa,7.76952502779312,65.42,11.93,9.38,1282519,3639,309_0,NA,NA,1,NA,NA,moderate,high
TK1:bin_000265.fa,58.05523084864125,66.19,2.24,40.0,1168158,14335,310_1,NA,NA,2,99.10,99.10,moderate,low
D300632:bin_000023.fa,23.71362574806063,56.12,6.88,0.0,2043963,8334,311_1,NA,NA,2,93.32,93.32,moderate,medium
D300671:bin_000010.fa,54.485312638875016,72.53,4.2,41.67,1899124,16231,312_0,NA,NA,1,NA,NA,substantial,low
TI1:bin_000108.fa,69.50042824516416,76.11,1.75,0.0,1175644,12677,313_1,NA,NA,2,98.89,98.89,substantial,low
TI1:bin_000143.fa,52.646043492173824,76.05,5.01,11.11,1210939,9525,314_0,NA,NA,1,NA,NA,substantial,medium
TK1:bin_000145.fa,38.55881451999479,88.6,10.72,23.53,1650929,7461,315_0,NA,NA,1,NA,NA,substantial,high
TI3:bin_000261.fa,29.005687947332007,63.83,7.51,23.08,1053285,6092,316_0,NA,NA,1,NA,NA,moderate,medium
TK1:bin_000264.fa,53.399094267727534,66.01,2.91,31.25,1522773,7235,317_0,NA,NA,1,NA,NA,moderate,low
TK3:bin_000034.fa,63.69189235961551,78.18,3.5,16.67,1610213,46533,318_1,NA,NA,7,99.77,99.01,substantial,low
TI1:bin_000073.fa,42.71751892699212,74.88,6.94,5.0,1636699,16123,319_1,NA,NA,4,99.19,98.33,substantial,medium
TK3:bin_000130.fa,57.98062959426668,79.91,4.95,30.77,1809817,24833,320_0,NA,NA,1,NA,NA,substantial,low
TK3:bin_000272.fa,64.02484653396185,66.45,0.93,33.33,2275079,4932,321_1,NA,NA,2,96.84,96.84,moderate,low
D300626:bin_000003.fa,101.700980004235,99.19,0.0,0.0,2312466,68262,322_1,NA,NA,7,99.83,98.78,near,none
TI3:bin_000023.fa,90.57381359429144,97.18,1.76,0.0,2574677,16433,323_1,NA,NA,13,99.18,97.39,near,low
D300642:bin_000016.fa,88.97217764776123,93.16,1.42,50.0,2776318,16916,324_1,NA,NA,22,99.41,97.10,near,low
D300669:bin_000016.fa,-51.29700479245578,58.58,22.17,0.94,4898057,2134,324_2,NA,NA,1,NA,NA,moderate,very high
TI3:bin_000161.fa,61.28407524246628,86.07,5.82,38.89,3348349,8720,325_1,NA,NA,2,98.04,98.04,substantial,medium
TK3:bin_000091.fa,82.64950998614138,94.09,2.82,20.0,2604895,10593,326_1,NA,NA,3,98.49,98.11,near,low
TK1:bin_000064.fa,87.47488349282182,92.0,1.33,0.0,1794118,11818,327_1,NA,NA,3,98.90,98.83,near,low
TK3:bin_000171.fa,93.54369761182232,91.33,0.0,0.0,1805123,17847,328_1,NA,NA,6,99.20,98.36,near,none
TK3:bin_000077.fa,88.48704847447367,92.86,1.43,50.0,1497848,9037,329_1,NA,NA,4,98.61,98.21,near,low
TK1:bin_000023.fa,87.9991946148386,98.67,2.78,33.33,1837211,26545,330_1,NA,NA,5,99.38,98.37,near,low
D300655:bin_000010.fa,83.25670362254557,80.9,0.0,0.0,971225,35060,331_1,NA,NA,4,99.79,97.30,substantial,none
TK1:bin_000324.fa,20.0686333721939,66.8,9.71,10.0,1382066,3128,332_0,NA,NA,1,NA,NA,moderate,medium
D300670:bin_000004.fa,93.96505160616492,94.38,0.56,0.0,1481450,38440,333_1,NA,NA,13,99.77,98.86,near,low
TK1:bin_000237.fa,71.14692971873124,85.52,3.33,33.33,1159563,13617,334_0,NA,NA,1,NA,NA,substantial,low
TK3:bin_000136.fa,70.04355950687258,94.04,5.33,25.0,1438044,27677,335_0,NA,NA,1,NA,NA,near,medium
TK1:bin_000125.fa,66.59416998713711,94.38,5.96,0.0,1157080,7449,336_1,NA,NA,3,98.17,97.46,near,medium
TK3:bin_000333.fa,9.944727157303811,61.53,10.93,11.11,928992,4038,337_1,NA,NA,2,94.73,94.73,moderate,high
TK3:bin_000144.fa,62.428034462986325,88.72,6.04,45.45,1886842,13357,338_0,NA,NA,1,NA,NA,substantial,medium
TK3:bin_000296.fa,55.6853746311908,70.51,3.65,40.0,1443712,7633,339_1,NA,NA,4,94.01,91.58,substantial,low
TK3:bin_000306.fa,52.25588122369005,56.93,1.12,0.0,819980,4485,340_0,NA,NA,1,NA,NA,moderate,low
TK3:bin_000213.fa,62.77020494137607,80.34,4.04,14.29,979051,8783,341_1,NA,NA,3,98.60,97.61,substantial,low
TI3:bin_000182.fa,81.40741249255841,84.83,1.12,0.0,1148124,15099,342_1,NA,NA,6,98.95,98.67,substantial,low
TK3:bin_000276.fa,62.56277607786051,67.4,1.5,50.0,622096,4802,343_1,NA,NA,2,97.21,97.21,moderate,low
TK3:bin_000291.fa,46.68465794030296,66.22,4.27,20.0,742904,5264,344_0,NA,NA,1,NA,NA,moderate,low
TK1:bin_000084.fa,87.50644821969071,94.38,2.07,60.0,1555937,19380,345_1,NA,NA,4,99.32,98.91,near,low
TI1:bin_000152.fa,52.40699401395897,80.55,6.11,23.53,1839763,5478,346_0,NA,NA,1,NA,NA,substantial,medium
TK1:bin_000168.fa,50.7934618228966,87.14,8.07,36.36,1265574,8678,347_0,NA,NA,1,NA,NA,substantial,medium
TK1:bin_000215.fa,61.90001447721026,81.59,4.49,40.0,788043,5346,348_0,NA,NA,1,NA,NA,substantial,low
TK3:bin_000313.fa,39.95189080760428,64.84,5.27,10.0,1041220,4675,349_0,NA,NA,1,NA,NA,moderate,medium
TK3:bin_000089.fa,68.74359211099166,89.89,5.11,42.86,1259747,17846,350_1,NA,NA,4,99.59,98.33,substantial,medium
TI1:bin_000158.fa,75.43229417095833,84.51,2.81,100.0,1015866,14594,351_1,NA,NA,2,98.02,98.02,substantial,low
TI3:bin_000108.fa,80.25432529168401,86.76,1.85,33.33,1363780,12033,352_1,NA,NA,4,99.15,98.40,substantial,low
TK1:bin_000331.fa,27.376568144139323,63.71,7.75,20.0,2412614,3413,352_2,NA,NA,1,NA,NA,moderate,medium
TK1:bin_000346.fa,49.20279603892816,58.55,2.25,0.0,924850,4476,353_1,NA,NA,2,97.74,97.74,moderate,low
TI1:bin_000185.fa,51.09143339783116,67.0,3.37,0.0,788074,4818,354_0,NA,NA,1,NA,NA,moderate,low
TI1:bin_000175.fa,70.60184679714126,79.43,2.3,33.33,1217798,4451,355_1,NA,NA,2,98.10,98.10,substantial,low
TI3:bin_000055.fa,92.08145885509144,95.51,1.12,0.0,1164099,14732,356_1,NA,NA,4,98.76,98.71,near,low
TK3:bin_000161.fa,70.55429225775033,88.76,5.06,100.0,1274581,8078,357_1,NA,NA,4,98.25,97.83,substantial,medium
TK3:bin_000010.fa,101.17852820849365,99.18,0.1,0.0,1782303,63770,358_1,NA,NA,2,99.62,99.62,near,low
TK3:bin_000036.fa,95.5133664144264,98.88,1.12,0.0,1636084,19164,359_1,NA,NA,4,99.34,99.02,near,low
TI3:bin_000163.fa,60.89375324543387,77.59,3.93,25.0,1354294,5794,360_1,NA,NA,2,98.98,98.98,substantial,low
TK1:bin_000107.fa,92.58560342786728,90.45,0.0,0.0,1141896,12651,361_1,NA,NA,4,98.60,98.22,near,none
TI1:bin_000124.fa,90.35328391539272,88.6,0.05,0.0,1129936,7036,362_1,NA,NA,2,97.96,97.96,substantial,low
TK3:bin_000275.fa,59.0541650392458,63.08,1.08,33.33,570605,6736,363_0,NA,NA,1,NA,NA,moderate,low
TK3:bin_000069.fa,95.60328366595964,93.41,0.0,0.0,3062630,16010,364_1,NA,NA,2,99.11,99.11,near,none
TI1:bin_000151.fa,82.4088468982752,82.7,0.55,100.0,2191075,4542,365_1,NA,NA,4,98.25,97.88,substantial,low
TK1:bin_000206.fa,82.07924616114255,85.51,1.1,0.0,2619916,9335,366_1,NA,NA,2,98.42,98.42,substantial,low
TI3:bin_000219.fa,70.61098147655483,76.34,1.4,11.11,2303261,10737,367_0,NA,NA,1,NA,NA,substantial,low
TK3:bin_000001.fa,95.84561039271092,99.94,1.54,84.62,4987554,27603,368_1,NA,NA,9,99.50,97.25,near,low
TI3:bin_000148.fa,58.3708340632713,80.22,5.14,54.55,2589016,7833,369_0,NA,NA,1,NA,NA,substantial,medium
TI3:bin_000196.fa,47.00137747244507,79.96,7.39,40.0,3351322,7426,370_0,NA,NA,1,NA,NA,substantial,medium
TK3:bin_000162.fa,92.41464118225473,94.44,0.96,50.0,2205035,26329,371_1,NA,NA,8,99.04,97.62,near,low
TI1:bin_000037.fa,90.119002431147,91.98,0.96,50.0,2633152,53438,372_1,NA,NA,7,99.80,99.04,near,low
TK3:bin_000172.fa,90.53569509327129,88.25,0.0,0.0,2156419,24716,373_1,NA,NA,5,99.37,98.48,substantial,none
TI1:bin_000120.fa,86.11382139106004,98.17,2.9,0.0,2623316,49732,374_1,NA,NA,8,99.89,98.90,near,low
TI1:bin_000029.fa,89.25153740823161,88.31,0.25,0.0,2335575,16683,375_1,NA,NA,10,99.01,97.02,substantial,low
D300663:bin_000001.fa,101.12809213943942,99.63,0.19,0.0,2372619,51910,376_1,NA,NA,17,99.79,98.21,near,low
TK1:bin_000236.fa,81.97271251030058,89.98,2.15,30.0,2908933,10521,377_1,NA,NA,5,99.51,98.00,substantial,low
TI1:bin_000010.fa,87.43731535982792,95.62,2.44,76.92,2447154,12814,378_1,NA,NA,5,98.73,98.60,near,low
D300636:bin_000012.fa,92.5714521008966,92.96,0.6,42.86,2901013,33228,379_1,NA,NA,12,99.77,98.60,near,low
D300659:bin_000026.fa,88.84066912592021,92.24,1.33,83.33,2424315,12968,380_1,NA,NA,33,98.97,97.52,near,low
TI1:bin_000186.fa,72.07702198729676,75.72,1.44,83.33,2316161,33651,381_1,NA,NA,2,99.36,99.36,substantial,low
D300642:bin_000015.fa,84.40635891865983,93.53,2.45,41.67,2750795,10858,382_1,NA,NA,10,99.02,98.16,near,low
TI1:bin_000196.fa,62.9191084132497,72.41,2.59,50.0,2117476,14346,383_1,NA,NA,3,98.58,98.57,substantial,low
TI3:bin_000185.fa,81.0371173129998,92.81,3.16,56.25,2956981,20469,384_1,NA,NA,2,99.41,99.41,near,low
D300671:bin_000014.fa,85.560924496762,91.2,1.79,55.56,2284903,27967,385_1,NA,NA,10,99.52,98.91,near,low
TK1:bin_000219.fa,80.38976256296007,87.63,2.1,50.0,2133081,17718,386_1,NA,NA,15,99.27,97.55,substantial,low
TI3:bin_000218.fa,68.73661289873569,75.42,1.94,44.44,2110796,13547,387_1,NA,NA,4,99.11,98.67,substantial,low
D300645:bin_000007.fa,78.66496638781098,89.2,2.9,63.64,2212878,11697,388_1,NA,NA,15,99.02,98.05,substantial,low
TK1:bin_000247.fa,79.91793954385965,83.79,1.16,57.14,1934839,21391,389_0,NA,NA,1,NA,NA,substantial,low
D300659:bin_000004.fa,98.38017350744995,97.96,0.37,0.0,2681331,22422,390_1,NA,NA,7,99.84,98.58,near,low
D300664:bin_000029.fa,66.57782600582107,71.82,1.6,50.0,1741993,5900,391_1,NA,NA,3,97.53,96.95,substantial,low
TI3:bin_000276.fa,43.6941150110112,51.99,2.59,100.0,1719997,9221,392_1,NA,NA,4,98.36,97.92,moderate,low
TI3:bin_000220.fa,-32.17409890920324,75.86,23.24,30.51,2964575,8928,393_0,NA,NA,1,NA,NA,substantial,very high
TK1:bin_000345.fa,59.71984794370542,58.62,0.0,0.0,2026075,9993,394_0,NA,NA,1,NA,NA,moderate,none
TI1:bin_000011.fa,89.1806721152058,93.33,1.05,0.0,2200482,10031,395_0,NA,NA,1,NA,NA,near,low
TI3:bin_000229.fa,66.96752288896717,71.72,1.72,100.0,2552154,12150,396_1,NA,NA,9,98.92,97.98,substantial,low
TK3:bin_000287.fa,65.19031792675976,80.39,3.76,40.0,3191944,10214,397_1,NA,NA,5,99.30,98.95,substantial,low
D300659:bin_000048.fa,70.61290003358891,77.99,2.03,26.67,2223898,19250,398_1,NA,NA,7,99.35,98.64,substantial,low
D300645:bin_000028.fa,28.29642360439242,60.69,8.62,100.0,2972144,12294,399_1,NA,NA,3,94.77,93.54,moderate,medium
D300638:bin_000035.fa,-9.26259884803198,55.17,15.52,77.78,2317605,9815,400_0,NA,NA,1,NA,NA,moderate,very high
D300634:bin_000017.fa,94.1144845212891,93.64,0.37,0.0,2209012,29112,401_1,NA,NA,27,99.65,98.56,near,low
TK1:bin_000031.fa,94.54919773773916,97.74,1.25,65.0,3246962,20289,402_1,NA,NA,25,99.54,98.33,near,low
TK3:bin_000210.fa,78.08594999172587,75.86,0.0,0.0,2252116,18761,403_1,NA,NA,6,99.48,98.35,substantial,none
TK3:bin_000267.fa,59.85892754402592,61.18,0.86,100.0,2247219,11741,404_1,NA,NA,2,98.41,98.41,moderate,low
D300647:bin_000007.fa,83.54491293532328,92.63,2.43,36.84,2699726,14832,405_1,NA,NA,27,98.83,97.36,near,low
D300650:bin_000027.fa,95.507112770307,94.05,0.19,0.0,2373310,42412,406_1,NA,NA,34,99.61,98.76,near,low
D300664:bin_000030.fa,58.08083719808458,61.46,1.19,50.0,1831764,5899,407_1,NA,NA,2,99.04,99.04,moderate,low
D300661:bin_000019.fa,92.080504362443,91.26,0.31,50.0,2722702,18238,408_1,NA,NA,38,99.37,97.30,near,low
TK3:bin_000198.fa,70.25815064461689,86.81,4.1,44.44,2569822,11641,409_1,NA,NA,3,99.38,99.24,substantial,low
D300671:bin_000011.fa,97.6903990083881,96.48,0.25,0.0,2443574,55150,410_1,NA,NA,9,99.39,98.41,near,low
TK1:bin_000166.fa,86.93096696652384,92.35,1.6,20.0,2620607,21663,411_1,NA,NA,7,99.43,99.16,near,low
TI1:bin_000250.fa,53.05717202730491,51.9,0.0,0.0,2241081,13012,412_0,NA,NA,1,NA,NA,moderate,none
TK1:bin_000344.fa,69.79893150131898,78.8,2.41,40.0,2157458,9803,413_1,NA,NA,2,98.93,98.93,substantial,low
D300645:bin_000002.fa,91.08498378165852,98.38,2.04,25.0,2700405,42357,414_1,NA,NA,28,98.79,97.62,near,low
TI3:bin_000009.fa,97.6404829667178,97.59,0.53,75.0,2901153,27009,415_1,NA,NA,8,99.66,98.22,near,low
TI1:bin_000042.fa,100.33257494604146,98.27,0.09,100.0,2276459,45571,416_1,NA,NA,13,99.73,98.87,near,low
TI3:bin_000078.fa,90.0040128092063,94.82,1.54,33.33,2847931,35841,417_1,NA,NA,5,99.65,98.95,near,low
D300667:bin_000013.fa,87.62432836754184,92.09,1.42,28.57,2443969,18957,418_1,NA,NA,17,99.25,98.45,near,low
TK3:bin_000143.fa,87.04725008800638,92.74,1.79,62.5,2319756,12824,419_1,NA,NA,4,98.67,98.19,near,low
TK3:bin_000224.fa,73.49065428730994,82.02,2.28,33.33,2269177,11155,420_1,NA,NA,3,99.26,98.14,substantial,low
TK3:bin_000256.fa,-2.11314282220834,75.39,16.8,33.33,2144237,3934,421_0,NA,NA,1,NA,NA,substantial,very high
TI1:bin_000210.fa,61.38891127924218,76.78,3.39,17.39,2775012,5480,422_0,NA,NA,1,NA,NA,substantial,low
TK3:bin_000248.fa,63.00639818829629,69.23,1.55,42.86,1568809,3343,423_0,NA,NA,1,NA,NA,moderate,low
D300633:bin_000003.fa,92.22354278141276,95.58,1.18,33.33,2431211,14135,424_1,NA,NA,25,98.92,96.69,near,low
D300668:bin_000025.fa,56.9731681233661,67.65,2.42,20.0,1566651,4768,425_0,NA,NA,1,NA,NA,moderate,low
TI3:bin_000135.fa,49.51727734672287,87.67,8.21,10.0,2705652,9171,426_1,NA,NA,2,99.51,99.51,substantial,medium
D300646:bin_000002.fa,92.47998794458702,98.77,1.84,30.0,3039296,34243,427_1,NA,NA,25,99.53,97.00,near,low
D300649:bin_000001.fa,84.68262508831643,92.98,2.44,70.0,3182750,17235,428_1,NA,NA,19,98.13,96.80,near,low
TI3:bin_000116.fa,84.98259884602659,92.06,1.86,0.0,2519247,17962,429_1,NA,NA,3,99.82,99.26,near,low
TK1:bin_000294.fa,23.891968162244808,83.15,15.33,100.0,2913815,8828,430_1,NA,NA,2,98.90,98.90,substantial,very high
D300650:bin_000011.fa,91.83952905149177,91.84,0.46,0.0,2700051,27536,430_2,NA,NA,9,98.21,97.25,near,low
TI3:bin_000159.fa,76.16619484735,87.19,2.71,20.0,2976069,6267,431_1,NA,NA,2,98.57,98.57,substantial,low
TK3:bin_000166.fa,75.32314753709694,85.13,2.51,25.0,2921599,11518,432_1,NA,NA,2,98.50,98.50,substantial,low
TK3:bin_000024.fa,93.95263227302875,94.77,0.74,80.0,2327698,25472,433_1,NA,NA,5,99.28,98.37,near,low
TK1:bin_000305.fa,62.010478422852046,67.64,1.38,28.57,1640618,3568,434_0,NA,NA,1,NA,NA,moderate,low
D300654:bin_000005.fa,78.83842993737451,93.94,4.01,70.0,2553018,18294,435_1,NA,NA,31,98.50,88.32,near,low
TK1:bin_000083.fa,93.80195701817256,92.26,0.12,0.0,2315525,12916,436_1,NA,NA,2,98.64,98.64,near,low
TK3:bin_000175.fa,77.51738159094783,84.39,1.74,46.15,2014148,7059,437_0,NA,NA,1,NA,NA,substantial,low
TI1:bin_000155.fa,62.31484111472757,67.58,1.65,62.5,1584452,5757,438_1,NA,NA,2,97.35,97.35,moderate,low
D300650:bin_000036.fa,-12.022257011876643,82.76,20.69,36.54,2808695,10357,439_0,NA,NA,1,NA,NA,substantial,very high
TK3:bin_000193.fa,71.68290950959226,74.9,1.25,80.0,1834088,8105,440_1,NA,NA,2,97.85,97.85,substantial,low
D300631:bin_000019.fa,41.17785023920454,75.21,7.11,7.89,2400138,5173,441_1,NA,NA,1,NA,NA,substantial,medium
TI3:bin_000282.fa,35.228655086036525,78.13,10.82,95.24,2381096,3867,441_2,NA,NA,1,NA,NA,substantial,high
TK3:bin_000307.fa,70.17303908937022,75.38,1.72,83.33,1770116,5657,442_1,NA,NA,2,98.35,98.35,substantial,low
D300633:bin_000001.fa,94.02245075269067,95.91,0.93,66.67,2505320,13951,443_1,NA,NA,13,99.65,90.95,near,low
D300660:bin_000005.fa,92.80243273090014,95.82,1.07,20.0,2671783,14866,443_2,NA,NA,4,96.51,90.77,near,low
TK1:bin_000131.fa,72.93338664835935,82.49,2.42,62.5,2040592,7274,444_0,NA,NA,1,NA,NA,substantial,low
TK1:bin_000033.fa,91.28724297025448,100.0,2.19,0.0,3625656,20674,445_1,NA,NA,22,99.54,97.20,perfect,low
TK1:bin_000016.fa,94.48604791669158,95.94,0.77,0.0,2698119,39754,446_1,NA,NA,5,99.79,99.46,near,low
D300632:bin_000001.fa,93.11690543376832,94.95,0.84,0.0,2884314,37916,447_1,NA,NA,18,98.09,97.24,near,low
TK3:bin_000003.fa,93.56543667198132,96.68,1.17,50.0,2129408,13434,448_1,NA,NA,3,99.03,98.24,near,low
D300645:bin_000005.fa,85.6512045907693,91.67,1.73,25.0,2255937,18307,449_1,NA,NA,8,99.28,95.01,near,low
TK1:bin_000224.fa,83.83312897046953,88.11,1.43,50.0,2385280,13837,450_1,NA,NA,2,98.76,98.76,substantial,low
D300625:bin_000001.fa,92.60596942177824,92.48,0.45,50.0,2396158,13851,451_1,NA,NA,36,98.47,97.01,near,low
TK1:bin_000217.fa,84.95403044827538,87.53,1.11,75.0,2348466,13090,452_1,NA,NA,9,98.95,97.55,substantial,low
D300630:bin_000012.fa,94.48456690952308,94.92,0.59,66.67,2953675,12019,453_1,NA,NA,32,99.11,97.52,near,low
TI1:bin_000160.fa,66.75777967714673,83.8,3.87,33.33,2259345,6852,454_0,NA,NA,1,NA,NA,substantial,low
TK3:bin_000040.fa,93.62147511205436,93.28,0.54,100.0,1811040,66133,455_1,NA,NA,3,99.94,98.31,near,low
TI3:bin_000149.fa,71.93992766708918,75.31,1.22,60.0,1240377,6809,456_1,NA,NA,2,98.14,98.14,substantial,low
TK1:bin_000136.fa,88.90354430597792,91.0,0.87,0.0,2273933,21192,457_1,NA,NA,4,99.21,98.78,near,low
TK3:bin_000160.fa,83.54718043396026,88.07,1.57,75.0,1749386,13372,458_1,NA,NA,9,99.21,97.72,substantial,low
TI1:bin_000008.fa,93.20853249933798,98.11,1.64,66.67,2508600,17299,459_1,NA,NA,10,99.00,98.09,near,low
TK1:bin_000087.fa,74.22614676965779,96.55,5.52,54.17,2313067,24771,460_1,NA,NA,5,99.40,98.18,near,medium
TI1:bin_000238.fa,18.72976867495182,61.48,8.88,9.09,1611793,3056,461_0,NA,NA,1,NA,NA,moderate,medium
TK1:bin_000266.fa,66.09845515567231,76.94,2.7,60.0,1795628,7532,462_0,NA,NA,1,NA,NA,substantial,low
TI1:bin_000083.fa,87.30252712272654,86.98,0.48,100.0,1440505,20377,463_1,NA,NA,3,98.86,98.73,substantial,low
TK1:bin_000143.fa,93.1866524724943,92.75,0.48,100.0,1540962,33355,464_1,NA,NA,3,99.54,99.48,near,low
TK3:bin_000332.fa,45.629333862588254,65.65,4.81,61.54,1408911,8680,465_0,NA,NA,1,NA,NA,moderate,low
TK1:bin_000132.fa,67.67198514461197,89.44,5.08,27.91,2031787,17752,466_1,NA,NA,3,99.24,98.67,substantial,medium
TK1:bin_000186.fa,57.02435798143224,85.44,6.65,40.74,1982216,11589,467_1,NA,NA,2,99.31,99.31,substantial,medium
TK1:bin_000321.fa,60.47074508831241,68.34,2.0,50.0,1128113,11521,468_0,NA,NA,1,NA,NA,moderate,low
TI3:bin_000262.fa,62.373726359048895,64.23,0.71,100.0,1217637,5854,469_0,NA,NA,1,NA,NA,moderate,low
D300667:bin_000007.fa,82.84446141015536,84.29,0.71,0.0,1760690,11126,470_1,NA,NA,18,98.69,96.76,substantial,low
D300649:bin_000015.fa,62.80527551520333,81.06,4.44,46.15,1766721,4715,471_1,NA,NA,7,97.26,94.12,substantial,low
TK1:bin_000250.fa,42.794401445706136,65.67,5.41,59.09,1702354,5692,472_0,NA,NA,1,NA,NA,moderate,medium
TK3:bin_000014.fa,95.68211081367076,96.43,0.73,66.67,1942527,43860,473_1,NA,NA,3,99.47,99.40,near,low
TI3:bin_000184.fa,68.98461836069082,74.54,1.67,50.0,1511079,5861,474_1,NA,NA,3,98.08,97.05,substantial,low
D300661:bin_000003.fa,97.49841449779888,95.0,0.0,0.0,2356076,66529,475_1,NA,NA,5,99.09,97.94,near,none
TK1:bin_000267.fa,69.72004248130126,82.33,3.21,40.0,1843200,13997,476_1,NA,NA,3,98.44,98.16,substantial,low
TI3:bin_000010.fa,96.93344039564532,94.65,0.0,0.0,2034434,24424,477_1,NA,NA,5,99.22,98.28,near,none
D300654:bin_000019.fa,78.50491166635328,82.05,1.19,33.33,2103522,9578,478_1,NA,NA,9,92.77,90.94,substantial,low
TI1:bin_000107.fa,88.05488264221867,93.92,1.83,60.0,2189353,15718,479_1,NA,NA,3,98.99,98.74,near,low
TI1:bin_000004.fa,94.23099491402968,94.29,0.48,0.0,2042756,31242,480_1,NA,NA,5,99.54,98.98,near,low
TK3:bin_000096.fa,91.04310236572996,90.74,0.48,100.0,1880592,18348,481_1,NA,NA,2,99.13,99.13,near,low
TI3:bin_000050.fa,88.40077921254385,91.03,0.97,0.0,2022156,18161,482_1,NA,NA,4,99.30,98.86,near,low
D300628:bin_000004.fa,79.54664273074546,83.87,1.36,25.0,1737338,14234,483_1,NA,NA,9,98.55,90.34,substantial,low
TK3:bin_000047.fa,92.00278482912152,90.59,0.0,0.0,2102421,42225,484_0,NA,NA,1,NA,NA,near,none
TK3:bin_000135.fa,77.78923052763734,84.96,2.22,85.71,1940240,7611,485_1,NA,NA,4,98.64,98.46,substantial,low
D300652:bin_000005.fa,89.60734889679819,91.13,0.54,0.0,2212654,14279,486_0,NA,NA,1,NA,NA,near,low
D300650:bin_000003.fa,89.88597958172289,95.43,1.61,0.0,2402875,70619,487_1,NA,NA,11,99.95,94.04,near,low
TI1:bin_000247.fa,57.24609461312182,62.98,1.39,25.0,1629090,3445,488_0,NA,NA,1,NA,NA,moderate,low
TK1:bin_000095.fa,97.6041237114372,95.1,0.0,0.0,2104089,67417,489_1,NA,NA,4,99.87,98.37,near,none
D300648:bin_000009.fa,101.8289700175492,99.3,0.0,0.0,3178435,74874,490_1,NA,NA,9,99.84,98.55,near,none
TK3:bin_000252.fa,24.14389243818109,86.28,12.66,0.0,3085715,13421,491_0,NA,NA,1,NA,NA,substantial,high
TK3:bin_000018.fa,91.20281193001546,94.34,1.13,33.33,2197316,13181,492_1,NA,NA,5,98.72,96.85,near,low
TI1:bin_000018.fa,93.52370384857592,92.75,0.39,50.0,1996773,75942,493_1,NA,NA,7,99.76,98.15,near,low
TI3:bin_000012.fa,90.77230413320456,98.08,2.15,56.25,3022378,19528,494_1,NA,NA,5,98.95,98.37,near,low
D300659:bin_000047.fa,60.024046701093496,68.91,2.41,57.14,1864795,2908,495_1,NA,NA,7,96.37,94.36,moderate,low
TK3:bin_000142.fa,78.42310890469523,86.86,2.57,90.0,2285916,10687,496_1,NA,NA,2,98.57,98.57,substantial,low
TK1:bin_000279.fa,-1.2760391812825809,80.11,16.84,6.02,2759373,3533,497_1,NA,NA,2,92.61,92.61,substantial,very high
TI1:bin_000055.fa,89.34270099134415,92.08,1.01,9.09,2085983,18033,498_1,NA,NA,3,99.33,99.24,near,low
TK1:bin_000316.fa,24.528505473571578,75.34,10.64,5.26,2340551,3297,499_1,NA,NA,2,96.98,96.98,substantial,high
D300650:bin_000002.fa,75.55589784365011,90.69,3.92,64.71,2714553,5272,500_1,NA,NA,8,97.73,95.79,near,low
TK3:bin_000178.fa,71.94374004751724,82.15,2.83,66.67,2140644,9001,501_1,NA,NA,4,98.05,97.88,substantial,low
TK3:bin_000257.fa,70.13537637769905,76.48,1.95,71.43,2042385,8278,501_2,NA,NA,4,97.64,92.36,substantial,low
TK1:bin_000226.fa,67.1230894384472,74.37,2.13,66.67,1894894,6317,502_1,NA,NA,2,98.28,98.28,substantial,low
D300661:bin_000001.fa,97.12152973244544,96.04,0.25,50.0,2592108,18287,503_1,NA,NA,13,98.30,96.86,near,low
D300627:bin_000014.fa,86.86556907619979,89.6,1.07,60.0,2475974,6201,504_1,NA,NA,20,98.59,96.80,substantial,low
TK1:bin_000123.fa,80.78688205171152,86.3,1.71,57.14,2098447,9089,505_1,NA,NA,2,98.05,98.05,substantial,low
TK3:bin_000232.fa,78.80653076875552,80.69,0.88,33.33,2057648,18596,506_1,NA,NA,2,98.85,98.85,substantial,low
TI1:bin_000206.fa,73.9989880674362,81.03,1.89,60.0,1976069,23441,507_0,NA,NA,1,NA,NA,substantial,low
